ID,Recipe ID,Ingredient ID,Weight
1,1,137,150.0
2,1,221,250.0
3,1,458,15.0
4,1,425,1.5
5,1,421,2.0
6,2,308,130.0
7,2,243,200.0
8,2,199,60.0
9,2,337,20.0
10,2,390,1.0
11,2,51,100.0
12,3,376,250.0
13,3,372,50.0
14,3,165,50.0
15,3,337,100.0
16,4,63,400.0
17,4,251,20.0
18,4,243,200.0
19,4,17,150.0
20,4,337,20.0
21,5,453,75.0
22,6,510,120.0
23,6,390,0.0
24,6,486,0.0
25,6,474,12.0
26,6,243,25.0
27,6,294,20.0
28,6,314,10.0
29,7,77,100.0
30,7,510,180.0
31,7,418,2.0
32,7,390,0.0
33,8,45,50.0
34,8,427,35.0
35,8,510,60.0
36,8,62,45.0
37,8,308,45.0
38,8,291,15.0
39,9,294,320.0
40,9,315,80.0
41,9,488,10.0
42,9,314,50.0
43,9,4,25.0
44,9,337,10.0
45,9,390,8.0
46,9,486,4.0
47,10,372,40.0
48,10,510,120.0
49,10,243,120.0
50,10,311,10.0
51,10,308,200.0
52,10,337,100.0
53,10,379,100.0
54,10,434,100.0
55,10,73,0.0
56,11,154,150.0
57,11,372,25.0
58,11,390,0.0
59,12,126,350.0
60,12,252,40.0
61,12,121,20.0
62,12,186,60.0
63,12,268,100.0
64,12,390,0.0
65,12,271,5.0
66,13,17,1000.0
67,14,235,60.0
68,14,446,40.0
69,14,379,30.0
70,14,425,3.0
71,14,486,4.0
72,15,322,100.0
73,15,11,80.0
74,15,438,30.0
75,15,294,80.0
76,15,236,10.0
77,15,458,15.0
78,16,323,50.0
79,16,62,450.0
80,16,294,80.0
81,16,231,55.0
82,16,289,30.0
83,16,390,0.0
84,17,137,50.0
85,17,315,20.0
86,17,488,5.0
87,17,458,2.0
88,17,390,0.0
89,18,434,180.0
90,18,311,5.0
91,18,212,120.0
92,18,190,90.0
93,18,337,100.0
94,18,510,180.0
95,18,308,100.0
96,19,294,240.0
97,19,252,90.0
98,19,132,240.0
99,19,315,80.0
100,19,151,50.0
101,19,390,12.5
102,19,62,1500.0
103,20,494,400.0
104,20,315,80.0
105,20,390,0.0
106,20,399,0.0
107,21,137,300.0
108,21,199,60.0
109,21,383,2.5
110,21,126,300.0
111,21,308,200.0
112,21,314,85.0
113,22,434,200.0
114,22,228,16.0
115,22,308,25.0
116,22,199,60.0
117,22,337,50.0
118,23,243,1000.0
119,23,207,200.0
120,23,372,20.0
121,23,337,75.0
122,23,390,0.0
123,24,314,17.0
124,24,446,60.0
125,24,399,2.5
126,24,390,1.0
127,24,31,300.0
128,25,76,175.0
129,25,243,450.0
130,25,372,5.0
131,26,137,206.0
132,26,308,150.0
133,26,502,750.0
134,26,510,180.0
135,26,337,100.0
136,27,231,80.0
137,27,510,120.0
138,27,433,80.0
139,27,221,25.0
140,27,340,4.0
141,27,315,15.0
142,28,137,206.0
143,28,308,130.0
144,28,383,5.0
145,28,337,180.0
146,28,199,60.0
147,28,123,50.0
148,28,379,210.0
149,28,338,70.0
150,28,212,30.0
151,28,379,25.0
152,28,123,25.0
153,28,372,50.0
154,28,337,12.5
155,28,480,0.0
156,29,398,400.0
157,29,494,400.0
158,29,315,80.0
159,29,372,40.0
160,29,390,0.0
161,29,399,0.0
162,30,294,160.0
163,30,427,50.0
164,30,223,300.0
165,30,390,10.0
166,30,62,2000.0
167,31,469,200.0
168,31,314,51.0
169,31,294,240.0
170,31,315,80.0
171,31,488,20.0
172,31,368,100.0
173,31,390,0.0
174,31,486,0.0
175,31,373,30.0
176,31,340,0.0
177,32,308,130.0
178,32,337,90.0
179,32,311,5.0
180,32,383,2.5
181,32,247,1.0
182,32,199,60.0
183,32,379,105.0
184,32,372,40.0
185,32,243,40.0
186,32,75,35.0
187,32,483,37.5
188,33,416,80.0
189,33,308,100.0
190,33,314,51.0
191,33,199,180.0
192,33,383,5.0
193,33,337,100.0
194,33,504,100.0
195,33,338,0.0
196,34,326,400.0
197,34,315,160.0
198,34,252,300.0
199,34,400,10.0
200,34,488,20.0
201,34,390,0.0
202,34,347,400.0
203,35,62,350.0
204,35,223,150.0
205,35,314,10.0
206,35,198,50.0
207,35,178,150.0
208,35,296,60.0
209,35,5,1.0
210,36,141,100.0
211,36,294,80.0
212,36,34,150.0
213,36,180,75.0
214,36,183,200.0
215,36,314,17.0
216,36,390,37.5
217,36,260,10.0
218,36,212,60.0
219,37,132,500.0
220,37,243,100.0
221,37,372,40.0
222,37,462,300.0
223,37,379,100.0
224,37,315,80.0
225,37,308,10.0
226,37,446,30.0
227,37,285,20.0
228,37,164,1.0
229,37,257,1.0
230,38,25,300.0
231,38,252,90.0
232,38,34,75.0
233,38,268,100.0
234,38,294,80.0
235,38,315,80.0
236,38,340,20.0
237,38,337,10.0
238,38,486,2.5
239,38,250,1.0
240,38,314,34.0
241,38,508,7.5
242,38,390,5.0
243,38,27,0.0
244,39,499,100.0
245,39,365,150.0
246,39,373,25.0
247,39,308,25.0
248,39,390,0.0
249,40,322,300.0
250,40,245,500.0
251,40,372,30.0
252,40,337,0.0
253,40,390,0.0
254,41,62,2500.0
255,41,433,100.0
256,41,372,40.0
257,41,390,25.0
258,41,119,0.0
259,41,223,250.0
260,42,137,300.0
261,42,510,60.0
262,42,198,70.0
263,42,132,120.0
264,42,252,45.0
265,42,390,1.0
266,42,340,20.0
267,42,268,50.0
268,43,347,300.0
269,43,132,600.0
270,43,26,500.0
271,43,315,160.0
272,43,488,15.0
273,43,314,34.0
274,43,390,5.0
275,43,486,2.5
276,43,62,100.0
277,43,458,0.0
278,44,11,200.0
279,44,268,100.0
280,44,335,100.0
281,44,198,160.0
282,44,221,20.0
283,44,390,2.0
284,44,486,1.0
285,45,223,200.0
286,45,433,70.0
287,45,199,120.0
288,45,364,69.3
289,45,390,2.5
290,45,372,20.0
291,45,263,0.0
292,46,79,135.0
293,46,433,0.0
294,46,488,0.0
295,47,199,60.0
296,47,314,17.0
297,47,372,30.0
298,47,337,70.0
299,47,367,100.0
300,47,308,70.0
301,47,311,5.0
302,47,214,10.0
303,47,27,22.0
304,48,289,80.0
305,48,433,100.0
306,48,315,80.0
307,48,488,10.0
308,48,390,2.5
309,48,486,1.25
310,48,420,0.5
311,48,372,40.0
312,48,31,100.0
313,48,62,500.0
314,48,427,0.0
315,49,121,180.0
316,49,219,50.0
317,49,494,70.0
318,49,488,5.0
319,49,427,30.0
320,49,379,30.0
321,49,390,0.0
322,49,486,0.0
323,49,314,17.0
324,50,494,100.0
325,50,404,200.0
326,50,314,5.0
327,50,91,150.0
328,50,433,50.0
329,50,390,2.0
330,50,377,1.0
331,51,171,50.0
332,51,178,3.0
333,51,154,30.0
334,51,425,1.0
335,51,314,5.0
336,51,198,75.0
337,51,397,8.0
338,51,399,0.0
339,52,166,200.0
340,52,285,0.0
341,52,385,60.0
342,52,488,10.0
343,52,372,20.0
344,53,494,80.0
345,53,132,80.0
346,53,221,16.0
347,53,390,0.0
348,53,486,0.0
349,53,180,75.0
350,54,116,400.0
351,54,132,360.0
352,54,402,225.0
353,54,315,80.0
354,54,252,90.0
355,54,34,150.0
356,54,52,100.0
357,54,285,8.0
358,54,458,6.0
359,54,217,6.0
360,54,390,0.0
361,54,205,2.0
362,54,314,51.0
363,55,124,150.0
364,55,337,180.0
365,55,243,150.0
366,55,372,100.0
367,56,242,600.0
368,56,314,50.0
369,56,308,100.0
370,56,315,80.0
371,56,252,90.0
372,56,34,150.0
373,56,446,60.0
374,56,390,0.0
375,56,486,0.0
376,57,266,50.0
377,57,438,150.0
378,57,372,50.0
379,57,338,150.0
380,57,375,180.0
381,58,472,6.0
382,58,150,50.0
383,58,268,50.0
384,58,390,0.0
385,58,486,0.0
386,58,488,5.0
387,58,291,17.0
388,59,199,60.0
389,59,314,10.0
390,59,399,2.0
391,59,296,40.0
392,60,39,240.0
393,60,391,240.0
394,60,163,200.0
395,60,221,25.0
396,60,446,30.0
397,61,187,70.0
398,61,1,50.0
399,61,173,60.0
400,61,87,22.0
401,61,337,0.0
402,62,132,200.0
403,62,314,300.0
404,63,198,700.0
405,63,221,100.0
406,63,427,20.0
407,63,294,80.0
408,63,390,0.0
409,63,473,0.0
410,64,95,25.0
411,64,93,20.0
412,64,94,20.0
413,64,453,16.0
414,64,63,300.0
415,65,308,350.0
416,65,199,60.0
417,65,243,200.0
418,65,372,120.0
419,65,337,150.0
420,65,165,50.0
421,65,438,120.0
422,65,338,150.0
423,65,390,1.0
424,66,38,60.0
425,66,135,8.0
426,66,221,8.0
427,66,289,36.0
428,66,314,5.0
429,66,198,70.0
430,66,272,15.0
431,66,268,12.0
432,67,266,25.0
433,67,353,60.0
434,67,189,15.0
435,68,475,300.0
436,68,62,1000.0
437,68,494,200.0
438,68,372,50.0
439,68,315,80.0
440,68,379,100.0
441,68,252,90.0
442,68,314,34.0
443,68,390,0.0
444,68,486,0.0
445,69,308,75.0
446,69,390,2.0
447,69,425,2.0
448,69,367,70.0
449,69,196,300.0
450,69,314,17.0
451,70,37,50.0
452,70,268,100.0
453,70,199,60.0
454,70,379,25.0
455,70,390,0.0
456,71,500,20.0
457,71,510,60.0
458,71,154,50.0
459,71,221,25.0
460,71,268,100.0
461,72,315,80.0
462,72,285,20.0
463,72,34,300.0
464,72,294,240.0
465,72,268,200.0
466,72,390,0.0
467,72,221,25.0
468,73,65,400.0
469,73,62,200.0
470,73,315,160.0
471,73,34,75.0
472,73,294,160.0
473,73,488,5.0
474,73,314,34.0
475,73,273,3.0
476,73,390,0.0
477,73,486,0.0
478,73,132,0.0
479,74,132,120.0
480,74,372,3.0
481,74,443,15.0
482,74,390,2.0
483,74,421,2.0
484,74,340,4.0
485,75,268,100.0
486,75,488,5.0
487,75,314,5.0
488,75,379,300.0
489,75,285,10.0
490,75,390,0.0
491,76,11,80.0
492,76,252,90.0
493,76,502,250.0
494,76,353,24.0
495,77,252,90.0
496,77,453,50.0
497,77,62,50.0
498,78,14,30.0
499,78,315,40.0
500,78,62,50.0
501,78,390,0.0
502,78,187,70.0
503,79,38,60.0
504,79,314,5.0
505,79,465,60.0
506,79,135,8.0
507,79,221,8.0
508,79,289,18.0
509,79,268,12.0
510,79,296,20.0
511,79,399,1.0
512,79,419,1.0
513,80,130,50.0
514,80,199,60.0
515,80,291,5.0
516,80,364,30.0
517,80,390,1.0
518,81,456,200.0
519,81,379,100.0
520,81,510,120.0
521,81,308,150.0
522,81,337,120.0
523,81,311,2.5
524,82,154,45.0
525,82,198,50.0
526,82,291,5.0
527,82,214,5.0
528,82,399,0.0
529,82,421,1.0
530,82,155,100.0
531,82,379,25.0
532,82,427,5.0
533,83,133,30.0
534,83,315,40.0
535,83,285,20.0
536,83,358,50.0
537,83,221,25.0
538,83,390,0.0
539,84,453,50.0
540,84,379,100.0
541,84,510,180.0
542,84,308,150.0
543,84,311,2.5
544,84,117,15.0
545,84,314,0.0
546,85,132,120.0
547,85,170,10.0
548,85,186,6.0
549,85,221,8.0
550,85,372,2.0
551,86,322,500.0
552,86,347,350.0
553,86,252,180.0
554,86,315,160.0
555,86,400,36.0
556,86,314,100.0
557,86,390,25.0
558,87,261,150.0
559,87,432,80.0
560,87,488,10.0
561,87,214,36.0
562,87,271,30.0
563,88,510,180.0
564,88,243,200.0
565,88,391,120.0
566,88,433,30.0
567,88,390,0.0
568,89,132,240.0
569,89,510,120.0
570,89,65,200.0
571,89,234,100.0
572,89,157,80.0
573,89,221,100.0
574,89,390,1.0
575,90,452,80.0
576,90,427,40.0
577,90,386,20.0
578,90,335,16.0
579,91,201,600.0
580,91,379,75.0
581,91,390,5.0
582,91,399,2.5
583,92,434,200.0
584,92,510,60.0
585,92,228,64.0
586,92,337,25.0
587,92,265,56.0
588,93,372,25.0
589,93,182,3.0
590,93,4,50.0
591,93,364,35.0
592,93,340,10.0
593,94,323,75.0
594,94,62,200.0
595,94,65,70.0
596,94,314,15.0
597,94,41,10.0
598,95,291,180.0
599,95,199,60.0
600,95,407,15.0
601,95,390,0.0
602,95,337,0.0
603,95,425,3.0
604,96,245,150.0
605,96,338,0.0
606,96,63,50.0
607,96,487,3.0
608,96,453,20.0
609,97,294,600.0
610,97,488,10.0
611,97,314,40.0
612,97,474,50.0
613,97,390,0.0
614,98,132,480.0
615,98,409,150.0
616,98,197,680.0
617,98,157,200.0
618,98,302,2.0
619,98,473,1.0
620,98,486,1.0
621,98,390,10.0
622,98,62,100.0
623,99,137,300.0
624,99,308,500.0
625,99,390,10.0
626,99,461,500.0
627,99,315,160.0
628,99,486,0.0
629,99,488,15.0
630,99,314,300.0
631,99,383,5.0
632,100,315,50.0
633,100,314,20.0
634,100,446,50.0
635,100,62,200.0
636,100,390,6.0
637,100,486,6.0
638,100,425,6.0
639,101,199,120.0
640,101,159,7.0
641,101,390,5.0
642,101,379,50.0
643,101,308,50.0
644,101,243,15.0
645,101,154,150.0
646,101,314,7.0
647,101,383,1.0
648,102,223,200.0
649,102,20,75.0
650,102,364,180.0
651,102,433,50.0
652,102,488,0.0
653,102,340,0.0
654,103,371,400.0
655,103,424,10.0
656,103,457,20.0
657,103,390,0.0
658,104,97,400.0
659,104,315,80.0
660,104,252,90.0
661,104,198,300.0
662,104,390,1.0
663,104,399,0.0
664,104,433,100.0
665,104,199,180.0
666,104,340,0.0
667,104,449,0.0
668,105,502,1000.0
669,105,239,7.0
670,105,134,20.0
671,106,126,400.0
672,106,133,150.0
673,106,252,90.0
674,106,121,180.0
675,106,294,80.0
676,106,315,80.0
677,107,308,240.0
678,107,243,480.0
679,107,372,55.0
680,107,510,120.0
681,107,390,10.0
682,107,337,50.0
683,107,311,40.0
684,107,42,5.0
685,108,11,320.0
686,108,510,180.0
687,108,45,200.0
688,108,436,400.0
689,108,449,0.0
690,108,379,0.0
691,108,399,0.0
692,108,433,100.0
693,109,510,180.0
694,109,228,150.0
695,109,327,150.0
696,109,337,180.0
697,109,137,206.0
698,110,259,600.0
699,110,388,30.0
700,110,433,50.0
701,110,221,25.0
702,111,167,300.0
703,111,188,100.0
704,111,308,200.0
705,111,429,100.0
706,111,433,50.0
707,111,381,100.0
708,111,365,200.0
709,111,315,80.0
710,111,199,120.0
711,111,291,40.0
712,111,62,100.0
713,111,311,5.0
714,111,390,0.0
715,111,486,0.0
716,111,425,0.0
717,111,362,0.0
718,112,331,206.0
719,112,199,60.0
720,112,337,25.0
721,112,390,1.0
722,112,308,250.0
723,112,291,17.0
724,113,175,200.0
725,113,68,800.0
726,113,132,240.0
727,113,252,90.0
728,113,315,80.0
729,113,205,2.0
730,113,390,10.0
731,113,291,17.0
732,114,197,340.0
733,114,390,0.0
734,114,413,200.0
735,115,438,30.0
736,115,67,250.0
737,115,315,50.0
738,115,272,45.0
739,115,31,800.0
740,115,291,68.0
741,115,243,100.0
742,115,390,0.0
743,115,399,0.0
744,115,199,60.0
745,116,322,250.0
746,116,252,90.0
747,116,488,15.0
748,116,347,400.0
749,116,315,80.0
750,116,399,2.5
751,116,390,12.5
752,116,62,500.0
753,116,314,34.0
754,117,62,1500.0
755,117,294,240.0
756,117,402,180.0
757,117,132,240.0
758,117,178,300.0
759,117,315,160.0
760,117,366,100.0
761,117,488,10.0
762,117,252,90.0
763,117,495,1.0
764,117,280,3.5
765,117,390,0.0
766,117,285,0.0
767,117,314,34.0
768,117,423,2.0
769,117,205,1.0
770,117,463,500.0
771,117,316,0.0
772,118,92,120.0
773,118,294,320.0
774,118,180,75.0
775,118,13,80.0
776,118,314,0.0
777,118,390,0.0
778,119,245,100.0
779,119,196,200.0
780,119,199,60.0
781,119,308,75.0
782,119,390,0.0
783,119,399,0.0
784,119,291,51.0
785,120,465,400.0
786,120,372,40.0
787,120,23,150.0
788,120,62,100.0
789,120,315,80.0
790,120,212,50.0
791,120,88,34.0
792,120,488,10.0
793,120,390,0.0
794,120,486,0.0
795,120,322,0.0
796,121,121,180.0
797,121,53,80.0
798,121,427,30.0
799,121,379,25.0
800,121,314,34.0
801,121,390,0.0
802,121,486,0.0
803,121,484,0.0
804,122,494,200.0
805,122,132,300.0
806,122,372,40.0
807,122,314,34.0
808,122,390,2.5
809,122,119,1.0
810,122,285,20.0
811,123,465,500.0
812,123,199,60.0
813,123,315,80.0
814,123,285,20.0
815,123,31,50.0
816,123,243,100.0
817,123,362,3.0
818,123,248,1.0
819,123,486,15.0
820,123,314,0.0
821,123,390,0.0
822,123,315,80.0
823,123,372,20.0
824,123,111,6.0
825,123,248,3.0
826,123,362,3.0
827,123,40,300.0
828,123,390,0.0
829,124,510,120.0
830,124,451,240.0
831,124,255,250.0
832,124,83,200.0
833,124,294,80.0
834,124,372,40.0
835,124,390,2.0
836,125,122,200.0
837,125,252,360.0
838,125,315,160.0
839,125,488,20.0
840,125,446,200.0
841,125,285,20.0
842,125,337,0.0
843,125,390,0.0
844,125,459,15.0
845,125,314,190.0
846,126,37,80.0
847,126,390,2.0
848,126,510,60.0
849,126,268,50.0
850,126,296,50.0
851,126,34,75.0
852,126,20,100.0
853,126,285,10.0
854,126,271,5.0
855,127,464,125.0
856,127,346,125.0
857,127,494,150.0
858,127,315,80.0
859,127,390,0.0
860,127,399,0.0
861,127,314,0.0
862,127,263,0.0
863,128,437,150.0
864,128,294,240.0
865,128,105,10.0
866,128,291,34.0
867,128,390,0.0
868,128,399,0.0
869,129,446,60.0
870,129,379,50.0
871,129,291,34.0
872,129,315,40.0
873,129,488,5.0
874,129,390,0.0
875,129,399,0.0
876,130,132,120.0
877,130,315,40.0
878,130,314,2.5
879,130,290,2.5
880,130,387,12.0
881,130,390,1.0
882,130,285,10.0
883,130,47,120.0
884,130,46,65.0
885,131,70,500.0
886,131,343,300.0
887,131,8,62.5
888,131,385,15.0
889,131,239,28.0
890,131,445,2.0
891,131,250,2.0
892,131,473,2.0
893,131,486,0.0
894,131,390,0.0
895,131,314,0.0
896,132,25,700.0
897,132,252,100.0
898,132,390,25.0
899,132,62,500.0
900,132,191,0.0
901,133,92,400.0
902,133,337,100.0
903,133,62,2000.0
904,134,347,500.0
905,134,488,15.0
906,134,314,30.0
907,134,448,150.0
908,134,315,80.0
909,134,390,0.0
910,134,486,0.0
911,134,263,0.0
912,135,455,500.0
913,135,199,120.0
914,135,315,80.0
915,135,272,100.0
916,135,314,51.0
917,135,308,50.0
918,135,488,10.0
919,135,390,0.0
920,135,486,0.0
921,135,335,0.0
922,136,132,480.0
923,136,390,0.0
924,136,273,0.0
925,136,446,60.0
926,136,488,5.0
927,137,294,400.0
928,137,180,75.0
929,137,446,60.0
930,137,314,34.0
931,137,16,30.0
932,137,337,37.5
933,137,280,15.0
934,137,488,10.0
935,137,390,0.0
936,138,505,250.0
937,138,165,6.0
938,138,224,30.0
939,138,185,9.0
940,138,496,15.0
941,138,249,0.0
942,138,246,0.0
943,139,14,300.0
944,139,294,200.0
945,139,488,10.0
946,139,340,15.0
947,139,390,2.0
948,139,314,51.0
949,140,308,200.0
950,140,199,120.0
951,140,244,70.0
952,140,372,70.0
953,140,337,50.0
954,140,414,4.0
955,140,390,1.0
956,140,62,400.0
957,140,337,180.0
958,140,30,18.0
959,140,369,200.0
960,140,338,25.0
961,140,224,0.0
962,141,332,0.0
963,141,34,150.0
964,141,168,100.0
965,141,430,25.0
966,141,427,40.0
967,141,292,0.0
968,142,337,100.0
969,142,476,2.0
970,142,311,5.0
971,142,247,4.0
972,142,372,180.0
973,142,252,200.0
974,142,390,1.0
975,142,327,150.0
976,143,510,240.0
977,143,454,200.0
978,143,268,300.0
979,143,157,350.0
980,143,34,150.0
981,143,285,20.0
982,143,379,100.0
983,143,390,2.0
984,144,109,150.0
985,144,199,60.0
986,144,379,50.0
987,144,337,50.0
988,144,390,1.0
989,144,308,250.0
990,144,311,2.5
991,144,291,34.0
992,145,137,200.0
993,145,383,5.0
994,145,510,180.0
995,145,239,100.0
996,145,379,200.0
997,145,282,200.0
998,146,204,70.0
999,146,62,140.0
1000,146,390,1.0
1001,146,360,50.0
1002,146,58,30.0
1003,146,280,10.0
1004,146,372,10.0
1005,146,285,3.0
1006,147,183,40.0
1007,147,452,40.0
1008,147,438,10.0
1009,148,308,195.0
1010,148,372,100.0
1011,148,337,90.0
1012,148,379,25.0
1013,148,88,17.0
1014,148,42,2.5
1015,148,311,5.0
1016,148,455,400.0
1017,148,502,500.0
1018,148,337,125.0
1019,148,372,20.0
1020,148,249,3.0
1021,148,247,4.0
1022,148,257,2.0
1023,148,24,33.0
1024,149,446,30.0
1025,149,488,5.0
1026,149,252,90.0
1027,149,363,50.0
1028,149,294,160.0
1029,149,315,80.0
1030,149,308,25.0
1031,149,314,17.0
1032,149,390,5.0
1033,149,62,50.0
1034,150,494,32.0
1035,150,294,80.0
1036,150,493,15.0
1037,150,395,10.0
1038,150,333,0.0
1039,151,80,460.0
1040,151,408,22.5
1041,151,337,20.0
1042,151,105,10.0
1043,151,488,10.0
1044,151,390,0.0
1045,151,328,0.0
1046,151,134,0.0
1047,151,27,0.0
1048,152,132,120.0
1049,152,510,120.0
1050,152,294,80.0
1051,152,268,100.0
1052,152,427,50.0
1053,152,183,40.0
1054,152,269,20.0
1055,153,133,50.0
1056,153,285,20.0
1057,153,308,260.0
1058,153,62,100.0
1059,153,390,0.0
1060,153,291,34.0
1061,154,244,500.0
1062,154,190,90.0
1063,154,510,300.0
1064,154,390,5.0
1065,154,337,25.0
1066,154,314,34.0
1067,155,132,600.0
1068,155,372,40.0
1069,155,28,80.0
1070,155,494,192.0
1071,155,308,300.0
1072,155,510,60.0
1073,155,414,4.0
1074,155,340,0.0
1075,156,180,75.0
1076,156,488,5.0
1077,156,372,5.0
1078,156,446,10.0
1079,156,285,10.0
1080,156,119,1.0
1081,156,486,1.5
1082,156,390,2.0
1083,156,294,400.0
1084,156,11,0.0
1085,157,294,160.0
1086,157,151,30.0
1087,157,442,100.0
1088,157,221,25.0
1089,157,390,0.0
1090,158,25,400.0
1091,158,315,80.0
1092,158,291,34.0
1093,158,446,30.0
1094,158,62,100.0
1095,158,205,2.0
1096,158,390,2.0
1097,158,317,0.0
1098,159,322,200.0
1099,159,221,250.0
1100,159,329,250.0
1101,159,390,0.0
1102,159,486,0.0
1103,159,315,160.0
1104,159,340,0.0
1105,159,510,180.0
1106,160,77,500.0
1107,160,427,150.0
1108,160,460,300.0
1109,160,390,0.0
1110,160,211,100.0
1111,161,294,80.0
1112,161,151,30.0
1113,161,318,10.0
1114,161,335,100.0
1115,161,291,5.0
1116,161,390,0.0
1117,162,510,120.0
1118,162,243,500.0
1119,162,337,150.0
1120,162,434,200.0
1121,162,308,300.0
1122,162,314,51.0
1123,162,305,100.0
1124,163,258,200.0
1125,163,199,60.0
1126,163,228,16.0
1127,163,494,100.0
1128,163,252,90.0
1129,163,322,25.0
1130,163,132,240.0
1131,163,458,15.0
1132,164,183,50.0
1133,164,398,100.0
1134,164,243,35.0
1135,164,488,5.0
1136,164,390,0.0
1137,165,294,80.0
1138,165,199,60.0
1139,165,150,50.0
1140,165,285,20.0
1141,165,299,25.0
1142,165,390,0.0
1143,165,486,0.0
1144,166,175,200.0
1145,166,198,200.0
1146,166,62,2000.0
1147,166,340,0.0
1148,166,390,0.0
1149,166,399,0.0
1150,166,132,120.0
1151,167,308,150.0
1152,167,337,90.0
1153,167,331,70.0
1154,167,502,250.0
1155,167,199,120.0
1156,167,311,2.5
1157,167,165,2.0
1158,167,338,16.0
1159,168,455,200.0
1160,168,510,60.0
1161,168,243,100.0
1162,168,308,75.0
1163,168,311,5.0
1164,168,390,1.0
1165,168,314,17.0
1166,169,204,50.0
1167,169,433,20.0
1168,169,58,15.0
1169,169,280,2.0
1170,169,225,5.0
1171,170,428,50.0
1172,170,340,0.0
1173,170,45,50.0
1174,170,11,300.0
1175,170,379,50.0
1176,170,486,0.0
1177,170,488,15.0
1178,170,390,0.0
1179,171,133,100.0
1180,171,11,80.0
1181,171,489,30.0
1182,171,151,30.0
1183,171,291,17.0
1184,171,390,0.0
1185,172,308,260.0
1186,172,62,100.0
1187,172,199,60.0
1188,172,390,1.5
1189,172,67,400.0
1190,172,455,200.0
1191,172,315,40.0
1192,172,486,1.25
1193,172,390,2.5
1194,172,449,0.0
1195,173,510,240.0
1196,173,308,400.0
1197,173,314,70.0
1198,173,379,500.0
1199,173,337,25.0
1200,173,243,550.0
1201,173,124,25.0
1202,173,338,100.0
1203,173,169,4.0
1204,173,61,100.0
1205,174,278,900.0
1206,174,197,340.0
1207,174,296,200.0
1208,174,427,100.0
1209,174,199,60.0
1210,174,238,30.0
1211,174,271,20.0
1212,174,72,2.0
1213,174,214,7.5
1214,174,16,3.0
1215,174,254,0.0
1216,174,486,0.0
1217,174,319,0.0
1218,175,243,200.0
1219,175,510,180.0
1220,175,311,10.0
1221,175,308,130.0
1222,175,337,150.0
1223,175,99,180.0
1224,175,503,180.0
1225,176,201,500.0
1226,176,221,50.0
1227,176,488,10.0
1228,176,72,8.0
1229,176,302,2.0
1230,176,390,2.5
1231,176,486,2.5
1232,176,291,17.0
1233,176,322,0.0
1234,176,340,0.0
1235,177,341,400.0
1236,177,34,150.0
1237,177,252,180.0
1238,177,494,200.0
1239,177,200,200.0
1240,177,174,200.0
1241,177,132,480.0
1242,178,212,300.0
1243,178,337,160.0
1244,178,32,160.0
1245,178,106,0.0
1246,179,465,500.0
1247,179,132,240.0
1248,179,62,500.0
1249,179,252,90.0
1250,179,315,80.0
1251,179,388,140.0
1252,179,372,25.0
1253,179,446,90.0
1254,179,314,34.0
1255,179,488,25.0
1256,179,285,10.0
1257,179,337,5.0
1258,179,390,0.0
1259,179,486,0.0
1260,180,436,180.0
1261,180,337,50.0
1262,180,199,60.0
1263,180,222,15.0
1264,180,44,8.0
1265,180,131,9.0
1266,180,291,5.0
1267,180,455,200.0
1268,180,337,75.0
1269,180,199,120.0
1270,180,131,9.0
1271,180,227,100.0
1272,180,381,50.0
1273,180,441,50.0
1274,181,132,600.0
1275,181,182,70.0
1276,181,420,2.0
1277,181,273,1.5
1278,181,486,0.0
1279,181,390,0.0
1280,181,314,68.0
1281,182,294,300.0
1282,182,152,200.0
1283,182,198,175.0
1284,182,451,120.0
1285,182,427,100.0
1286,182,140,30.0
1287,182,280,7.5
1288,182,271,17.0
1289,182,488,5.0
1290,182,486,0.0
1291,182,390,0.0
1292,183,310,80.0
1293,183,244,200.0
1294,183,390,0.0
1295,183,199,60.0
1296,183,433,30.0
1297,183,373,20.0
1298,183,337,0.0
1299,184,308,130.0
1300,184,199,300.0
1301,184,337,162.0
1302,184,311,5.0
1303,184,338,8.0
1304,185,464,300.0
1305,185,351,300.0
1306,185,199,60.0
1307,185,315,40.0
1308,185,293,100.0
1309,185,390,3.3
1310,185,486,1.65
1311,186,243,500.0
1312,186,337,100.0
1313,186,308,100.0
1314,186,190,90.0
1315,186,199,60.0
1316,186,291,51.0
1317,186,88,17.0
1318,186,372,5.0
1319,186,247,2.0
1320,186,338,0.0
1321,186,509,0.0
1322,186,260,0.0
1323,186,338,0.0
1324,186,509,0.0
1325,186,260,0.0
1326,187,317,1000.0
1327,187,391,120.0
1328,187,136,10.0
1329,187,221,16.0
1330,187,82,16.0
1331,187,294,80.0
1332,187,34,150.0
1333,187,488,5.0
1334,187,314,17.0
1335,187,340,8.0
1336,188,464,400.0
1337,188,294,320.0
1338,188,34,75.0
1339,188,280,7.5
1340,188,488,10.0
1341,188,315,80.0
1342,188,212,60.0
1343,188,448,70.0
1344,188,291,34.0
1345,188,473,1.5
1346,188,390,5.0
1347,188,412,5.0
1348,188,140,0.0
1349,188,78,200.0
1350,188,180,37.5
1351,189,510,120.0
1352,189,243,200.0
1353,189,33,120.0
1354,189,63,200.0
1355,189,337,35.0
1356,189,390,5.0
1357,189,383,1.25
1358,189,314,35.0
1359,190,132,0.0
1360,190,399,0.0
1361,190,291,0.0
1362,190,221,75.0
1363,190,488,15.0
1364,190,285,0.0
1365,191,62,1000.0
1366,191,54,350.0
1367,191,408,30.0
1368,191,390,30.0
1369,191,337,25.0
1370,191,314,34.0
1371,191,488,10.0
1372,191,205,1.0
1373,191,485,3.0
1374,191,180,0.0
1375,192,308,130.0
1376,192,264,50.0
1377,192,372,70.0
1378,192,439,45.0
1379,192,337,50.0
1380,192,389,25.0
1381,192,247,2.0
1382,193,243,250.0
1383,193,228,200.0
1384,193,308,150.0
1385,193,337,120.0
1386,193,199,120.0
1387,193,314,85.0
1388,193,372,20.0
1389,193,311,5.0
1390,193,497,0.0
1391,193,338,0.0
1392,194,17,600.0
1393,194,308,300.0
1394,194,199,180.0
1395,194,337,100.0
1396,194,314,70.0
1397,194,440,54.0
1398,194,311,10.0
1399,194,470,0.0
1400,194,509,0.0
1401,195,132,500.0
1402,195,192,340.0
1403,195,379,50.0
1404,195,449,30.0
1405,195,488,10.0
1406,195,390,0.0
1407,195,486,0.0
1408,195,473,0.0
1409,195,296,0.0
1410,195,335,0.0
1411,196,201,250.0
1412,196,62,1200.0
1413,196,21,80.0
1414,196,315,80.0
1415,196,252,90.0
1416,196,446,60.0
1417,196,132,120.0
1418,196,291,17.0
1419,196,372,5.0
1420,196,390,5.0
1421,196,486,2.5
1422,196,205,2.0
1423,197,148,200.0
1424,197,510,120.0
1425,197,171,100.0
1426,197,268,100.0
1427,197,221,75.0
1428,198,352,500.0
1429,198,300,300.0
1430,198,488,15.0
1431,198,380,75.0
1432,198,486,0.0
1433,199,446,120.0
1434,199,62,200.0
1435,199,366,400.0
1436,199,390,5.0
1437,199,304,1.0
1438,199,273,1.5
1439,199,425,0.75
1440,199,486,1.25
1441,199,493,30.0
1442,199,314,17.0
1443,199,427,0.0
1444,200,308,130.0
1445,200,372,70.0
1446,200,343,36.0
1447,200,337,50.0
1448,200,383,1.0
1449,200,408,1.25
1450,201,308,130.0
1451,201,510,240.0
1452,201,337,100.0
1453,201,502,750.0
1454,201,17,150.0
1455,201,193,15.0
1456,201,165,4.0
1457,201,390,0.0
1458,202,308,130.0
1459,202,244,70.0
1460,202,199,60.0
1461,202,62,72.0
1462,202,414,4.0
1463,202,337,25.0
1464,202,390,2.5
1465,202,291,51.0
1466,202,379,0.0
1467,202,338,0.0
1468,202,509,0.0
1469,202,260,0.0
1470,203,138,500.0
1471,203,390,1.0
1472,203,510,60.0
1473,203,42,2.0
1474,203,383,2.0
1475,203,308,150.0
1476,203,314,17.0
1477,203,453,0.0
1478,203,507,5.0
1479,204,464,400.0
1480,204,315,200.0
1481,204,379,150.0
1482,204,446,50.0
1483,204,308,20.0
1484,204,314,60.0
1485,204,390,10.0
1486,204,486,2.5
1487,204,62,300.0
1488,204,285,20.0
1489,205,80,250.0
1490,205,268,200.0
1491,205,180,37.5
1492,205,254,2.0
1493,205,380,50.0
1494,205,320,15.0
1495,206,262,150.0
1496,206,17,300.0
1497,206,502,500.0
1498,206,239,14.0
1499,206,337,20.0
1500,206,75,2.0
1501,207,132,360.0
1502,207,199,60.0
1503,207,390,0.0
1504,207,486,0.0
1505,207,308,25.0
1506,207,314,20.0
1507,207,379,50.0
1508,207,474,6.0
1509,207,458,10.0
1510,208,47,120.0
1511,208,438,50.0
1512,208,387,6.0
1513,208,107,30.0
1514,208,285,10.0
1515,209,33,60.0
1516,209,243,120.0
1517,209,414,1.0
1518,209,165,4.0
1519,209,510,60.0
1520,209,17,150.0
1521,209,314,17.0
1522,209,44,25.0
1523,210,252,270.0
1524,210,315,26.4
1525,210,488,5.0
1526,210,337,10.0
1527,210,390,4.0
1528,210,408,5.0
1529,210,291,17.0
1530,210,301,5.0
1531,210,76,0.0
1532,210,340,0.0
1533,211,442,50.0
1534,211,322,30.0
1535,211,315,40.0
1536,211,285,20.0
1537,211,390,0.0
1538,211,291,34.0
1539,212,350,125.0
1540,212,464,125.0
1541,212,199,60.0
1542,212,315,80.0
1543,212,488,5.0
1544,212,31,25.0
1545,212,243,40.0
1546,212,372,30.0
1547,212,272,30.0
1548,212,390,0.0
1549,212,399,0.0
1550,212,130,0.0
1551,213,14,420.0
1552,213,314,34.0
1553,213,4,17.0
1554,213,390,0.0
1555,213,427,70.0
1556,213,296,80.0
1557,214,177,300.0
1558,214,154,180.0
1559,214,180,37.5
1560,214,221,50.0
1561,214,390,2.0
1562,214,270,18.0
1563,215,49,100.0
1564,215,212,30.0
1565,215,427,30.0
1566,215,294,80.0
1567,215,205,2.0
1568,215,485,3.0
1569,215,390,10.0
1570,216,199,60.0
1571,216,308,100.0
1572,216,390,1.0
1573,216,44,8.0
1574,216,257,1.0
1575,216,314,0.0
1576,216,455,250.0
1577,216,379,0.0
1578,216,455,0.0
1579,217,372,120.0
1580,217,308,100.0
1581,217,62,90.0
1582,217,228,24.0
1583,217,455,500.0
1584,217,274,200.0
1585,217,434,80.0
1586,217,271,34.0
1587,217,488,20.0
1588,217,444,0.0
1589,217,64,0.0
1590,217,390,0.0
1591,218,203,300.0
1592,218,294,80.0
1593,218,5,5.0
1594,218,378,2.0
1595,218,488,10.0
1596,219,96,200.0
1597,219,296,250.0
1598,219,390,0.0
1599,220,335,20.0
1600,220,358,50.0
1601,220,434,40.0
1602,220,268,30.0
1603,220,379,50.0
1604,220,221,50.0
1605,220,72,0.0
1606,220,488,10.0
1607,220,339,0.0
1608,221,232,30.0
1609,221,199,60.0
1610,221,203,100.0
1611,221,427,30.0
1612,221,379,25.0
1613,221,390,0.0
1614,222,201,300.0
1615,222,25,250.0
1616,222,315,160.0
1617,222,252,180.0
1618,222,132,360.0
1619,222,294,160.0
1620,222,205,1.0
1621,222,337,5.0
1622,222,486,2.5
1623,222,390,5.0
1624,222,314,34.0
1625,222,62,1500.0
1626,222,317,0.0
1627,222,379,0.0
1628,223,479,36.0
1629,223,353,90.0
1630,223,62,200.0
1631,223,143,45.0
1632,223,17,0.0
1633,223,75,0.0
1634,224,204,159.0
1635,224,510,60.0
1636,224,399,0.0
1637,224,488,5.0
1638,224,390,0.0
1639,224,486,0.0
1640,224,263,150.0
1641,224,394,8.0
1642,225,21,68.0
1643,225,132,300.0
1644,225,47,120.0
1645,225,195,200.0
1646,225,126,200.0
1647,225,252,45.0
1648,225,315,40.0
1649,225,291,34.0
1650,225,399,0.0
1651,225,390,0.0
1652,225,62,2000.0
1653,226,25,600.0
1654,226,4,100.0
1655,226,337,50.0
1656,226,63,36.0
1657,226,408,15.0
1658,227,155,50.0
1659,227,182,3.0
1660,227,62,200.0
1661,227,458,15.0
1662,227,372,15.0
1663,227,486,1.0
1664,227,390,0.0
1665,228,308,292.5
1666,228,372,200.0
1667,228,338,125.0
1668,228,199,60.0
1669,228,311,5.0
1670,228,390,1.0
1671,228,51,0.0
1672,228,374,0.0
1673,228,169,0.0
1674,229,132,480.0
1675,229,252,90.0
1676,229,315,80.0
1677,229,296,200.0
1678,229,390,5.0
1679,229,250,1.0
1680,229,273,1.5
1681,229,328,1.0
1682,229,62,1500.0
1683,229,314,17.0
1684,229,103,200.0
1685,229,11,0.0
1686,230,342,400.0
1687,230,379,75.0
1688,230,433,50.0
1689,230,372,10.0
1690,230,390,0.0
1691,230,486,0.0
1692,230,427,0.0
1693,230,134,0.0
1694,231,76,200.0
1695,231,62,1200.0
1696,231,199,120.0
1697,231,315,80.0
1698,231,494,150.0
1699,231,314,34.0
1700,231,390,0.0
1701,231,372,0.0
1702,232,132,1080.0
1703,232,129,2.0
1704,232,248,1.5
1705,232,390,0.0
1706,232,486,2.5
1707,232,140,2.0
1708,232,4,8.5
1709,233,492,108.0
1710,233,62,250.0
1711,233,455,300.0
1712,233,34,150.0
1713,233,294,160.0
1714,233,315,80.0
1715,233,446,30.0
1716,233,314,34.0
1717,233,390,0.0
1718,233,486,0.0
1719,233,263,0.0
1720,234,510,240.0
1721,234,308,270.0
1722,234,372,100.0
1723,234,311,5.0
1724,234,337,240.0
1725,234,390,2.5
1726,234,435,360.0
1727,234,380,150.0
1728,234,190,42.0
1729,234,481,200.0
1730,234,62,80.0
1731,235,98,200.0
1732,235,144,100.0
1733,235,426,18.0
1734,235,502,500.0
1735,235,249,0.0
1736,235,247,0.0
1737,235,337,0.0
1738,235,62,1500.0
1739,236,18,400.0
1740,236,62,1600.0
1741,236,281,90.0
1742,236,132,240.0
1743,236,315,80.0
1744,236,252,90.0
1745,236,312,100.0
1746,236,446,60.0
1747,236,314,17.0
1748,236,390,5.0
1749,236,486,2.5
1750,236,205,2.0
1751,236,285,20.0
1752,236,234,100.0
1753,236,379,0.0
1754,237,212,30.0
1755,237,227,100.0
1756,237,308,65.0
1757,237,510,60.0
1758,237,372,45.0
1759,237,311,1.0
1760,237,337,100.0
1761,238,137,250.0
1762,238,228,200.0
1763,238,337,200.0
1764,238,308,160.0
1765,238,199,180.0
1766,238,372,50.0
1767,238,212,120.0
1768,238,383,5.0
1769,238,407,5.0
1770,238,311,5.0
1771,238,55,0.0
1772,239,510,180.0
1773,239,137,500.0
1774,239,337,50.0
1775,239,383,2.5
1776,239,308,170.0
1777,240,388,120.0
1778,240,315,80.0
1779,240,252,90.0
1780,240,132,120.0
1781,240,212,30.0
1782,240,446,60.0
1783,240,48,34.0
1784,240,393,120.0
1785,240,325,90.0
1786,240,205,1.0
1787,240,390,2.0
1788,240,486,1.5
1789,240,62,1000.0
1790,240,379,0.0
1791,241,121,180.0
1792,241,137,100.0
1793,241,489,30.0
1794,241,285,20.0
1795,241,390,0.0
1796,242,467,500.0
1797,242,132,360.0
1798,242,252,90.0
1799,242,315,80.0
1800,242,205,1.0
1801,242,84,5.0
1802,242,458,15.0
1803,242,390,5.0
1804,242,317,0.0
1805,243,466,250.0
1806,243,438,100.0
1807,243,458,10.0
1808,243,390,0.0
1809,243,486,0.0
1810,243,450,5.0
1811,243,452,240.0
1812,243,268,100.0
1813,244,405,800.0
1814,244,271,34.0
1815,244,372,50.0
1816,244,308,25.0
1817,244,365,300.0
1818,244,257,0.0
1819,245,252,180.0
1820,245,212,30.0
1821,245,337,10.0
1822,245,291,2.5
1823,245,248,1.0
1824,246,201,600.0
1825,246,390,0.0
1826,246,486,0.0
1827,246,291,51.0
1828,246,488,10.0
1829,246,379,50.0
1830,246,63,200.0
1831,247,203,50.0
1832,247,379,50.0
1833,247,232,20.0
1834,247,452,80.0
1835,248,128,20.0
1836,248,86,50.0
1837,248,458,15.0
1838,248,396,10.0
1839,249,14,30.0
1840,249,294,80.0
1841,249,137,36.0
1842,249,488,5.0
1843,250,171,50.0
1844,250,438,30.0
1845,250,285,20.0
1846,250,161,30.0
1847,251,221,100.0
1848,251,388,80.0
1849,251,199,60.0
1850,251,488,10.0
1851,251,390,0.0
1852,252,427,300.0
1853,252,342,260.0
1854,252,425,20.0
1855,253,31,50.0
1856,253,371,60.0
1857,253,379,50.0
1858,253,390,0.0
1859,254,465,300.0
1860,254,47,500.0
1861,254,205,3.0
1862,254,425,10.0
1863,254,158,50.0
1864,255,132,200.0
1865,255,28,80.0
1866,255,465,300.0
1867,255,399,10.0
1868,255,36,100.0
1869,255,240,200.0
1870,255,396,10.0
1871,256,322,50.0
1872,256,252,90.0
1873,256,121,30.0
1874,256,5,0.0
1875,257,243,600.0
1876,257,215,84.0
1877,257,372,20.0
1878,257,62,400.0
1879,257,337,25.0
1880,257,310,80.0
1881,258,198,55.0
1882,258,291,5.0
1883,258,252,90.0
1884,258,303,2.0
1885,258,126,35.0
1886,258,421,2.0
1887,258,427,5.0
1888,258,381,20.0
1889,258,289,36.0
1890,258,307,40.0
1891,259,90,150.0
1892,259,116,45.0
1893,259,62,280.0
1894,259,390,2.0
1895,259,155,25.0
1896,259,294,80.0
1897,259,315,40.0
1898,259,85,1.0
1899,259,221,16.0
1900,259,427,10.0
1901,260,243,300.0
1902,260,62,250.0
1903,260,510,120.0
1904,260,305,100.0
1905,260,308,200.0
1906,260,390,0.0
1907,260,314,34.0
1908,261,17,150.0
1909,261,337,25.0
1910,261,505,18.0
1911,261,243,300.0
1912,262,198,65.0
1913,262,62,350.0
1914,262,154,45.0
1915,262,214,5.0
1916,262,268,50.0
1917,262,421,2.0
1918,262,291,5.0
1919,262,420,3.0
1920,262,427,7.0
1921,262,452,40.0
1922,262,382,10.0
1923,263,132,960.0
1924,263,510,60.0
1925,263,458,6.0
1926,263,314,68.0
1927,263,390,0.0
1928,263,488,5.0
1929,264,31,400.0
1930,264,474,0.0
1931,264,47,120.0
1932,264,268,0.0
1933,264,115,75.0
1934,264,332,14.0
1935,265,199,60.0
1936,265,372,3.0
1937,265,315,40.0
1938,265,178,7.0
1939,265,296,40.0
1940,265,154,30.0
1941,265,340,1.0
1942,266,132,720.0
1943,266,245,50.0
1944,266,372,50.0
1945,266,390,10.0
1946,267,65,500.0
1947,267,315,80.0
1948,267,446,30.0
1949,267,370,100.0
1950,267,314,34.0
1951,267,390,0.0
1952,267,486,0.0
1953,268,474,3.0
1954,268,294,160.0
1955,268,379,50.0
1956,268,438,15.0
1957,269,235,120.0
1958,269,252,90.0
1959,269,315,80.0
1960,269,390,1.0
1961,269,314,34.0
1962,269,363,50.0
1963,270,371,60.0
1964,270,458,2.0
1965,270,379,50.0
1966,270,135,16.0
1967,270,31,100.0
1968,271,234,200.0
1969,271,47,120.0
1970,271,488,5.0
1971,271,132,120.0
1972,271,390,1.0
1973,271,379,75.0
1974,271,62,1500.0
1975,271,252,45.0
1976,272,235,120.0
1977,272,126,100.0
1978,272,151,50.0
1979,272,379,75.0
1980,272,390,1.0
1981,273,322,300.0
1982,273,243,300.0
1983,273,337,50.0
1984,273,372,20.0
1985,273,455,500.0
1986,273,239,0.0
1987,274,33,80.0
1988,274,510,60.0
1989,274,390,0.0
1990,274,62,72.0
1991,274,253,40.0
1992,274,145,40.0
1993,274,181,0.0
1994,275,67,400.0
1995,275,315,80.0
1996,275,488,10.0
1997,275,271,0.0
1998,275,285,30.0
1999,275,390,0.0
2000,275,399,0.0
2001,276,392,240.0
2002,276,510,120.0
2003,276,294,80.0
2004,276,291,51.0
2005,277,324,150.0
2006,277,363,50.0
2007,277,252,90.0
2008,277,315,80.0
2009,277,390,5.0
2010,277,294,160.0
2011,277,62,300.0
2012,277,314,17.0
2013,278,92,200.0
2014,278,453,25.0
2015,278,298,15.0
2016,278,62,250.0
2017,279,502,250.0
2018,279,327,130.0
2019,279,138,100.0
2020,279,383,1.0
2021,279,510,60.0
2022,280,202,450.0
2023,280,367,200.0
2024,280,210,200.0
2025,280,315,80.0
2026,280,488,40.0
2027,280,271,0.0
2028,280,390,0.0
2029,280,399,0.0
2030,281,166,150.0
2031,281,278,0.0
2032,281,296,100.0
2033,281,88,17.0
2034,281,438,15.0
2035,281,136,10.0
2036,281,86,100.0
2037,282,376,250.0
2038,282,294,80.0
2039,282,150,70.0
2040,282,427,70.0
2041,283,281,200.0
2042,283,315,80.0
2043,283,488,40.0
2044,283,285,30.0
2045,283,390,0.0
2046,283,399,0.0
2047,283,271,0.0
2048,284,510,180.0
2049,284,245,100.0
2050,284,308,60.0
2051,284,390,1.0
2052,284,53,200.0
2053,284,427,80.0
2054,284,458,3.0
2055,284,294,160.0
2056,285,310,170.0
2057,285,455,200.0
2058,285,243,200.0
2059,285,372,50.0
2060,286,243,1000.0
2061,286,510,120.0
2062,286,383,2.5
2063,286,390,10.0
2064,286,337,10.0
2065,286,314,34.0
2066,286,63,200.0
2067,286,308,500.0
2068,286,494,300.0
2069,286,465,300.0
2070,286,315,80.0
2071,286,252,90.0
2072,286,399,0.0
2073,286,340,0.0
2074,286,379,0.0
2075,287,294,160.0
2076,287,268,200.0
2077,287,34,150.0
2078,287,256,144.0
2079,287,214,36.0
2080,287,271,51.0
2081,288,398,200.0
2082,288,315,80.0
2083,288,488,40.0
2084,288,367,200.0
2085,288,210,200.0
2086,288,390,0.0
2087,288,399,0.0
2088,289,3,200.0
2089,289,438,140.0
2090,289,390,2.0
2091,289,486,2.0
2092,290,310,60.0
2093,290,104,48.0
2094,290,502,250.0
2095,290,243,200.0
2096,290,337,25.0
2097,290,372,20.0
2098,290,390,1.0
2099,290,62,150.0
2100,291,50,60.0
2101,291,75,0.0
2102,291,124,0.0
2103,291,147,0.0
2104,291,372,20.0
2105,291,288,150.0
2106,292,341,700.0
2107,292,132,480.0
2108,292,77,300.0
2109,292,427,150.0
2110,292,372,50.0
2111,292,308,50.0
2112,292,364,150.0
2113,292,257,1.0
2114,293,469,200.0
2115,293,91,150.0
2116,293,122,150.0
2117,293,364,50.0
2118,293,390,2.0
2119,293,377,1.0
2120,293,183,30.0
2121,293,285,10.0
2122,293,308,4.0
2123,294,100,80.0
2124,294,449,30.0
2125,294,294,80.0
2126,294,427,60.0
2127,294,291,17.0
2128,294,62,500.0
2129,294,390,0.0
2130,294,399,0.0
2131,295,372,20.0
2132,295,352,150.0
2133,295,294,80.0
2134,295,390,5.0
2135,295,265,50.0
2136,295,62,250.0
2137,296,195,200.0
2138,296,132,120.0
2139,296,510,60.0
2140,296,180,75.0
2141,296,269,40.0
2142,296,506,20.0
2143,297,359,50.0
2144,297,452,40.0
2145,297,438,30.0
2146,297,2,100.0
2147,297,458,10.0
2148,298,510,120.0
2149,298,494,96.0
2150,298,297,60.0
2151,298,213,0.0
2152,298,390,0.0
2153,298,237,25.0
2154,298,373,0.0
2155,299,62,2000.0
2156,299,195,400.0
2157,299,252,90.0
2158,299,342,130.0
2159,299,446,50.0
2160,299,230,200.0
2161,299,315,80.0
2162,299,492,100.0
2163,300,141,100.0
2164,300,469,50.0
2165,300,279,18.0
2166,300,390,1.0
2167,300,271,2.5
2168,300,62,200.0
2169,300,296,100.0
2170,300,268,50.0
2171,300,34,75.0
2172,300,285,10.0
2173,301,502,1250.0
2174,301,510,240.0
2175,301,337,120.0
2176,301,308,150.0
2177,301,311,5.0
2178,301,165,0.0
2179,301,338,0.0
2180,301,453,0.0
2181,301,42,2.0
2182,301,372,10.0
2183,302,195,100.0
2184,302,294,80.0
2185,302,510,120.0
2186,302,269,40.0
2187,302,315,80.0
2188,302,132,120.0
2189,303,494,128.0
2190,303,379,50.0
2191,303,314,34.0
2192,303,31,50.0
2193,303,390,0.0
2194,303,458,8.0
2195,303,105,20.0
2196,303,179,0.0
2197,304,427,60.0
2198,304,510,120.0
2199,304,267,42.0
2200,304,243,80.0
2201,304,105,5.0
2202,304,372,40.0
2203,304,390,0.0
2204,305,353,30.0
2205,305,228,80.0
2206,305,337,10.0
2207,305,226,100.0
2208,305,62,300.0
2209,306,289,36.0
2210,306,510,60.0
2211,306,268,100.0
2212,306,132,120.0
2213,307,277,180.0
2214,307,494,160.0
2215,307,364,200.0
2216,307,315,80.0
2217,307,390,0.0
2218,307,486,1.0
2219,307,427,50.0
2220,307,314,30.0
2221,308,227,200.0
2222,308,453,30.0
2223,308,124,9.0
2224,308,62,400.0
2225,309,89,80.0
2226,309,379,50.0
2227,309,363,50.0
2228,309,427,80.0
2229,309,31,1600.0
2230,310,14,300.0
2231,310,390,1.0
2232,310,140,15.0
2233,310,314,25.5
2234,310,488,10.0
2235,311,243,500.0
2236,311,383,2.5
2237,311,390,5.0
2238,311,510,120.0
2239,311,291,34.0
2240,311,308,260.0
2241,311,436,200.0
2242,311,42,0.0
2243,311,112,50.0
2244,311,379,50.0
2245,311,337,50.0
2246,311,239,0.0
2247,312,258,150.0
2248,312,34,150.0
2249,312,390,5.0
2250,312,314,17.0
2251,312,294,80.0
2252,313,183,300.0
2253,313,488,10.0
2254,313,119,1.0
2255,313,390,1.0
2256,313,271,34.0
2257,313,340,10.0
2258,314,438,50.0
2259,314,488,5.0
2260,314,139,75.0
2261,314,452,40.0
2262,315,410,500.0
2263,315,62,1500.0
2264,315,390,10.0
2265,315,424,2.0
2266,315,132,300.0
2267,315,252,45.0
2268,315,315,40.0
2269,315,314,5.0
2270,315,379,50.0
2271,316,223,200.0
2272,316,372,30.0
2273,316,438,100.0
2274,317,60,200.0
2275,317,228,20.0
2276,318,11,50.0
2277,318,510,60.0
2278,318,434,200.0
2279,318,156,200.0
2280,319,308,195.0
2281,319,455,250.0
2282,319,337,75.0
2283,319,314,17.0
2284,319,311,2.5
2285,319,44,4.0
2286,319,247,4.0
2287,319,390,1.0
2288,319,243,0.0
2289,320,62,400.0
2290,320,243,600.0
2291,320,184,180.0
2292,320,337,25.0
2293,320,390,2.0
2294,320,483,50.0
2295,320,372,0.0
2296,321,372,60.0
2297,321,338,140.0
2298,321,199,60.0
2299,321,212,60.0
2300,321,243,20.0
2301,321,308,195.0
2302,321,383,2.5
2303,321,390,1.0
2304,321,480,0.0
2305,322,132,240.0
2306,322,342,250.0
2307,322,221,50.0
2308,322,354,250.0
2309,323,160,150.0
2310,323,132,240.0
2311,323,199,120.0
2312,323,166,150.0
2313,323,219,300.0
2314,323,186,100.0
2315,323,171,100.0
2316,323,252,90.0
2317,323,120,45.0
2318,323,221,75.0
2319,323,390,5.0
2320,323,114,0.0
2321,323,340,0.0
2322,324,502,250.0
2323,324,434,180.0
2324,324,239,56.0
2325,324,510,60.0
2326,324,238,20.0
2327,325,309,200.0
2328,325,308,200.0
2329,325,414,10.0
2330,325,337,25.0
2331,325,390,10.0
2332,325,372,30.0
2333,325,62,160.0
2334,325,355,44.0
2335,326,243,750.0
2336,326,62,500.0
2337,326,322,200.0
2338,326,483,0.0
2339,326,390,5.0
2340,326,372,25.0
2341,326,337,0.0
2342,327,372,100.0
2343,327,488,15.0
2344,327,180,75.0
2345,327,390,0.0
2346,327,486,0.0
2347,328,38,120.0
2348,328,335,16.0
2349,328,315,40.0
2350,328,294,80.0
2351,328,234,50.0
2352,328,221,50.0
2353,328,135,50.0
2354,328,72,16.0
2355,328,427,40.0
2356,328,314,8.5
2357,328,258,200.0
2358,328,486,1.0
2359,328,390,1.0
2360,328,149,0.0
2361,329,252,200.0
2362,329,510,180.0
2363,329,311,5.0
2364,329,239,84.0
2365,329,379,200.0
2366,329,438,150.0
2367,329,337,75.0
2368,329,308,200.0
2369,329,291,150.0
2370,329,165,2.0
2371,329,127,1.0
2372,330,91,150.0
2373,330,314,5.0
2374,330,510,120.0
2375,330,364,75.0
2376,330,5,1.0
2377,330,433,30.0
2378,331,132,240.0
2379,331,133,50.0
2380,331,105,20.0
2381,331,340,5.0
2382,331,290,5.0
2383,332,199,60.0
2384,332,337,0.0
2385,332,372,200.0
2386,332,308,300.0
2387,332,311,5.0
2388,333,314,17.0
2389,333,315,80.0
2390,333,252,90.0
2391,333,402,45.0
2392,333,488,5.0
2393,333,67,300.0
2394,333,423,1.0
2395,333,205,1.0
2396,333,446,30.0
2397,333,243,66.0
2398,333,176,66.0
2399,333,295,250.0
2400,333,390,5.0
2401,333,486,2.5
2402,333,275,0.0
2403,333,285,0.0
2404,333,274,0.0
2405,334,475,400.0
2406,334,252,90.0
2407,334,402,45.0
2408,334,315,40.0
2409,334,132,120.0
2410,334,34,75.0
2411,334,390,5.0
2412,334,41,5.0
2413,334,488,5.0
2414,334,314,17.0
2415,334,62,600.0
2416,334,340,0.0
2417,334,74,0.0
2418,335,434,250.0
2419,335,199,240.0
2420,335,308,50.0
2421,335,337,62.5
2422,335,478,2.0
2423,335,372,20.0
2424,335,338,0.0
2425,336,199,120.0
2426,336,390,5.0
2427,336,314,34.0
2428,336,308,195.0
2429,336,427,0.0
2430,336,449,0.0
2431,337,243,130.0
2432,337,337,59.4
2433,337,372,50.0
2434,337,414,2.0
2435,337,199,60.0
2436,337,390,1.0
2437,337,308,250.0
2438,337,165,10.0
2439,337,337,90.0
2440,337,314,17.0
2441,337,438,100.0
2442,337,372,50.0
2443,338,308,325.0
2444,338,390,1.0
2445,338,199,60.0
2446,338,314,34.0
2447,338,247,2.0
2448,338,123,9.0
2449,338,56,36.0
2450,338,23,200.0
2451,338,321,750.0
2452,338,338,140.0
2453,338,498,50.0
2454,338,314,600.0
2455,338,338,0.0
2456,339,199,60.0
2457,339,314,35.0
2458,339,337,40.0
2459,339,390,0.0
2460,339,308,50.0
2461,340,113,51.15
2462,340,434,200.0
2463,340,44,8.0
2464,340,199,60.0
2465,340,308,8.0
2466,340,337,37.5
2467,340,390,1.0
2468,340,372,50.0
2469,340,243,130.0
2470,340,337,90.0
2471,340,414,12.0
2472,340,199,120.0
2473,340,308,400.0
2474,341,314,34.0
2475,341,308,195.0
2476,341,337,50.0
2477,341,390,1.0
2478,341,142,200.0
2479,341,383,2.5
2480,341,199,60.0
2481,341,239,0.0
2482,342,501,800.0
2483,342,315,160.0
2484,342,252,90.0
2485,342,379,200.0
2486,342,243,200.0
2487,342,422,1.0
2488,342,213,1.0
2489,342,390,0.0
2490,342,314,75.0
2491,343,235,200.0
2492,343,322,20.0
2493,343,252,30.0
2494,343,315,60.0
2495,343,488,3.0
2496,343,62,500.0
2497,343,291,25.5
2498,343,390,0.0
2499,343,399,0.0
2500,344,172,100.0
2501,344,403,30.0
2502,344,5,5.0
2503,344,62,300.0
2504,344,446,30.0
2505,344,488,5.0
2506,344,458,10.0
2507,344,390,1.0
2508,345,20,150.0
2509,345,315,80.0
2510,345,88,51.0
2511,345,366,100.0
2512,345,433,50.0
2513,345,390,5.0
2514,345,486,2.5
2515,345,398,250.0
2516,345,62,2500.0
2517,345,427,0.0
2518,346,102,150.0
2519,346,510,60.0
2520,346,314,17.0
2521,346,165,2.0
2522,346,379,50.0
2523,347,14,210.0
2524,347,452,40.0
2525,347,438,15.0
2526,347,294,80.0
2527,347,488,5.0
2528,347,314,30.0
2529,347,390,0.0
2530,347,486,0.0
2531,348,243,100.0
2532,348,10,60.0
2533,348,86,50.0
2534,349,455,1800.0
2535,349,348,400.0
2536,349,132,480.0
2537,349,315,80.0
2538,349,252,90.0
2539,349,34,150.0
2540,349,340,30.0
2541,349,314,40.0
2542,349,390,0.0
2543,349,486,0.0
2544,349,473,0.0
2545,349,205,2.0
2546,350,334,200.0
2547,350,196,150.0
2548,350,390,1.0
2549,350,314,17.0
2550,350,58,100.0
2551,350,296,100.0
2552,350,15,18.0
2553,351,315,80.0
2554,351,314,30.0
2555,351,14,210.0
2556,351,37,100.0
2557,351,63,250.0
2558,351,390,0.0
2559,352,101,500.0
2560,352,372,20.0
2561,352,337,0.0
2562,352,364,0.0
2563,353,475,500.0
2564,353,121,300.0
2565,353,488,5.0
2566,353,285,2.0
2567,353,380,100.0
2568,353,390,2.0
2569,353,486,0.5
2570,353,271,17.0
2571,354,372,200.0
2572,354,138,150.0
2573,354,379,75.0
2574,354,308,390.0
2575,354,337,175.0
2576,354,42,1.0
2577,354,311,5.0
2578,354,147,45.0
2579,355,291,51.0
2580,355,306,80.0
2581,355,126,150.0
2582,355,315,60.0
2583,355,252,50.0
2584,355,399,0.0
2585,355,390,0.0
2586,355,62,400.0
2587,356,313,2.0
2588,356,337,30.0
2589,356,245,250.0
2590,357,199,120.0
2591,357,433,50.0
2592,357,390,1.5
2593,357,486,0.5
2594,357,452,80.0
2595,358,137,300.0
2596,358,414,12.0
2597,358,510,60.0
2598,358,314,102.0
2599,358,337,50.0
2600,358,243,100.0
2601,358,308,300.0
2602,359,199,180.0
2603,359,331,200.0
2604,359,390,1.0
2605,359,337,100.0
2606,359,248,1.0
2607,359,311,1.0
2608,359,63,400.0
2609,359,42,0.5
2610,359,33,150.0
2611,360,199,300.0
2612,360,132,360.0
2613,360,315,80.0
2614,360,390,0.0
2615,360,314,0.0
2616,360,491,0.0
2617,360,427,0.0
2618,360,269,0.0
2619,360,296,0.0
2620,361,376,250.0
2621,361,510,60.0
2622,361,243,200.0
2623,361,372,50.0
2624,361,224,100.0
2625,361,337,50.0
2626,361,308,16.0
2627,362,25,500.0
2628,362,252,90.0
2629,362,337,10.0
2630,362,390,25.0
2631,362,486,0.0
2632,362,356,3.0
2633,362,314,0.0
2634,363,194,1200.0
2635,363,132,480.0
2636,363,121,180.0
2637,363,363,300.0
2638,363,488,10.0
2639,363,385,45.0
2640,363,239,7.0
2641,363,390,0.0
2642,363,446,30.0
2643,364,322,50.0
2644,364,150,100.0
2645,364,447,90.0
2646,364,510,360.0
2647,364,62,150.0
2648,364,390,0.0
2649,364,486,0.0
2650,365,294,160.0
2651,365,315,80.0
2652,365,252,90.0
2653,365,308,75.0
2654,365,379,100.0
2655,365,314,68.0
2656,365,446,60.0
2657,365,473,6.0
2658,365,390,0.0
2659,365,486,0.0
2660,365,465,400.0
2661,365,130,0.0
2662,366,510,60.0
2663,366,438,30.0
2664,366,359,30.0
2665,366,268,50.0
2666,366,314,2.5
2667,367,455,400.0
2668,367,337,75.0
2669,367,243,250.0
2670,367,199,120.0
2671,367,308,120.0
2672,367,311,5.0
2673,367,314,34.0
2674,367,62,60.0
2675,367,249,1.5
2676,367,247,2.0
2677,367,390,0.0
2678,367,372,0.0
2679,367,353,0.0
2680,368,132,1200.0
2681,368,203,500.0
2682,368,34,450.0
2683,368,14,420.0
2684,368,427,200.0
2685,368,108,50.0
2686,368,372,50.0
2687,369,285,100.0
2688,369,62,200.0
2689,370,223,300.0
2690,370,20,200.0
2691,370,315,80.0
2692,370,488,5.0
2693,370,390,5.0
2694,370,486,1.0
2695,370,62,3000.0
2696,370,427,0.0
2697,370,340,0.0
2698,371,502,400.0
2699,371,247,4.0
2700,371,510,360.0
2701,371,337,270.0
2702,371,308,260.0
2703,371,383,2.5
2704,371,407,2.5
2705,372,376,250.0
2706,372,502,500.0
2707,372,337,10.0
2708,372,239,56.0
2709,373,31,200.0
2710,373,345,0.0
2711,374,502,3000.0
2712,374,510,180.0
2713,374,390,1.0
2714,374,337,180.0
2715,374,33,130.0
2716,374,291,1.0
2717,374,228,1.0
2718,375,265,70.0
2719,375,243,200.0
2720,375,239,7.0
2721,375,502,250.0
2722,375,390,0.0
2723,376,203,400.0
2724,376,488,3.0
2725,376,221,50.0
2726,376,4,8.5
2727,376,302,4.0
2728,377,62,1000.0
2729,377,132,600.0
2730,377,199,180.0
2731,377,372,50.0
2732,377,433,100.0
2733,377,390,0.0
2734,377,486,0.0
2735,377,294,0.0
2736,377,285,0.0
2737,378,21,100.0
2738,378,268,100.0
2739,378,458,4.0
2740,378,291,34.0
2741,378,385,8.0
2742,378,488,5.0
2743,378,390,0.0
2744,378,399,0.0
2745,379,232,30.0
2746,379,379,75.0
2747,379,199,60.0
2748,379,399,1.0
2749,379,390,1.0
2750,379,458,2.0
2751,379,62,500.0
2752,380,100,150.0
2753,380,195,150.0
2754,380,252,50.0
2755,380,315,60.0
2756,380,488,5.0
2757,380,291,34.0
2758,380,390,0.0
2759,380,399,0.0
2760,381,308,130.0
2761,381,337,180.0
2762,381,510,180.0
2763,381,502,750.0
2764,381,311,5.0
2765,382,132,480.0
2766,382,199,60.0
2767,382,308,50.0
2768,382,433,100.0
2769,382,314,34.0
2770,382,285,6.0
2771,382,390,0.0
2772,382,486,0.0
2773,382,379,0.0
2774,383,308,100.0
2775,383,137,206.0
2776,383,311,1.0
2777,383,510,300.0
2778,383,329,240.0
2779,384,108,16.0
2780,384,186,50.0
2781,384,34,150.0
2782,384,252,90.0
2783,384,315,40.0
2784,384,379,50.0
2785,384,390,1.0
2786,385,494,250.0
2787,385,409,200.0
2788,385,34,300.0
2789,385,340,30.0
2790,385,271,34.0
2791,386,137,206.0
2792,386,291,34.0
2793,386,308,300.0
2794,386,383,2.5
2795,386,258,200.0
2796,386,199,60.0
2797,386,458,4.0
2798,386,390,10.0
2799,386,399,0.0
2800,387,132,500.0
2801,387,349,200.0
2802,387,458,14.0
2803,387,390,0.0
2804,387,486,0.0
2805,388,52,100.0
2806,388,258,200.0
2807,388,243,100.0
2808,388,199,120.0
2809,388,427,100.0
2810,389,11,100.0
2811,389,438,50.0
2812,389,233,20.0
2813,389,171,50.0
2814,389,330,20.0
2815,389,268,100.0
2816,389,221,10.0
2817,390,223,200.0
2818,390,62,1500.0
2819,390,391,180.0
2820,390,314,34.0
2821,390,390,0.0
2822,390,486,0.0
2823,390,449,0.0
2824,391,322,60.0
2825,391,427,80.0
2826,391,291,34.0
2827,391,272,30.0
2828,391,399,0.0
2829,391,390,0.0
2830,392,69,600.0
2831,392,315,80.0
2832,392,379,50.0
2833,392,308,50.0
2834,392,510,120.0
2835,392,390,0.0
2836,392,486,0.0
2837,392,291,17.0
2838,393,198,500.0
2839,393,100,48.0
2840,393,322,50.0
2841,393,62,2000.0
2842,393,390,10.0
2843,393,252,90.0
2844,394,435,100.0
2845,394,335,200.0
2846,394,105,10.0
2847,394,285,4.0
2848,394,488,5.0
2849,394,212,20.0
2850,394,271,17.0
2851,394,390,1.5
2852,394,486,0.5
2853,394,279,18.0
2854,394,296,0.0
2855,395,212,60.0
2856,395,417,105.0
2857,395,216,35.0
2858,395,239,28.0
2859,395,62,500.0
2860,396,2,200.0
2861,396,294,200.0
2862,396,488,10.0
2863,396,271,17.0
2864,396,390,0.0
2865,397,66,250.0
2866,397,315,80.0
2867,397,252,90.0
2868,397,294,80.0
2869,397,446,30.0
2870,397,285,2.0
2871,397,132,480.0
2872,397,153,400.0
2873,398,132,480.0
2874,398,252,90.0
2875,398,380,100.0
2876,398,62,200.0
2877,398,372,20.0
2878,398,390,2.0
2879,398,486,1.5
2880,398,257,1.0
2881,398,458,2.0
2882,398,296,0.0
2883,398,458,2.0
2884,398,296,0.0
2885,399,436,700.0
2886,399,510,180.0
2887,399,42,0.0
2888,399,112,50.0
2889,399,337,150.0
2890,399,372,180.0
2891,399,308,260.0
2892,399,311,10.0
2893,400,294,400.0
2894,400,372,30.0
2895,400,510,240.0
2896,400,390,5.0
2897,401,203,500.0
2898,401,221,0.0
2899,401,163,240.0
2900,401,411,1.0
2901,401,268,200.0
2902,401,174,240.0
2903,402,348,500.0
2904,402,4,50.0
2905,402,399,100.0
2906,403,446,10.0
2907,403,379,75.0
2908,403,294,160.0
2909,403,458,10.0
2910,403,399,1.0
2911,403,390,1.0
2912,404,308,130.0
2913,404,245,150.0
2914,404,337,160.0
2915,404,199,60.0
2916,404,372,50.0
2917,404,291,34.0
2918,404,124,25.0
2919,404,56,5.0
2920,404,383,2.5
2921,404,390,1.0
2922,404,338,25.0
2923,405,510,120.0
2924,405,286,50.0
2925,405,186,90.0
2926,405,221,50.0
2927,405,72,0.0
2928,405,424,10.0
2929,405,390,0.0
2930,406,89,160.0
2931,406,132,240.0
2932,406,427,30.0
2933,406,363,100.0
2934,406,390,1.0
2935,406,62,100.0
2936,406,314,17.0
2937,407,344,890.0
2938,407,390,0.0
2939,407,510,120.0
2940,407,272,150.0
2941,407,314,50.0
2942,408,186,1500.0
2943,408,62,1000.0
2944,408,243,200.0
2945,408,372,30.0
2946,408,390,0.0
2947,408,337,10.0
2948,409,132,300.0
2949,409,263,300.0
2950,409,276,50.0
2951,409,399,20.0
2952,409,212,20.0
2953,410,71,200.0
2954,410,315,80.0
2955,410,252,90.0
2956,410,132,240.0
2957,410,162,500.0
2958,410,390,0.0
2959,410,486,0.0
2960,410,62,2000.0
2961,410,411,0.0
2962,411,243,200.0
2963,411,468,200.0
2964,411,352,250.0
2965,411,510,60.0
2966,411,399,1.0
2967,411,390,5.0
2968,411,314,34.0
2969,411,31,50.0
2970,411,272,50.0
2971,412,28,80.0
2972,412,133,200.0
2973,412,384,20.0
2974,412,218,600.0
2975,412,163,100.0
2976,413,199,300.0
2977,413,50,250.0
2978,413,308,300.0
2979,413,314,51.0
2980,413,337,62.5
2981,413,311,5.0
2982,413,390,1.0
2983,413,9,0.0
2984,414,379,50.0
2985,414,81,50.0
2986,414,227,200.0
2987,414,156,100.0
2988,414,58,100.0
2989,414,79,135.0
2990,414,110,30.0
2991,415,125,6000.0
2992,415,474,20.0
2993,415,214,10.0
2994,415,399,10.0
2995,415,291,10.0
2996,416,132,500.0
2997,416,243,200.0
2998,416,390,0.0
2999,416,427,120.0
3000,416,458,30.0
3001,416,372,30.0
3002,417,451,180.0
3003,417,198,250.0
3004,417,315,80.0
3005,417,494,150.0
3006,417,294,160.0
3007,417,427,100.0
3008,417,34,75.0
3009,417,488,15.0
3010,417,314,34.0
3011,417,390,0.0
3012,417,486,0.0
3013,417,206,0.0
3014,417,449,0.0
3015,418,132,480.0
3016,418,252,180.0
3017,418,45,300.0
3018,418,157,350.0
3019,418,388,120.0
3020,418,199,240.0
3021,418,315,0.0
3022,418,221,0.0
3023,418,390,0.0
3024,419,198,600.0
3025,419,494,400.0
3026,419,315,100.0
3027,419,364,200.0
3028,419,308,50.0
3029,419,488,15.0
3030,419,62,200.0
3031,419,314,34.0
3032,419,390,0.0
3033,419,486,0.0
3034,419,399,0.0
3035,419,130,450.0
3036,419,340,0.0
3037,420,471,350.0
3038,420,175,40.0
3039,420,132,240.0
3040,420,315,40.0
3041,420,294,160.0
3042,420,390,12.5
3043,420,399,1.0
3044,420,314,34.0
3045,420,62,2000.0
3046,421,196,300.0
3047,421,291,51.0
3048,421,390,0.0
3049,421,486,0.0
3050,421,379,75.0
3051,421,62,100.0
3052,421,308,12.5
3053,422,203,500.0
3054,422,132,240.0
3055,422,252,90.0
3056,422,315,80.0
3057,422,52,25.0
3058,422,390,0.0
3059,422,458,15.0
3060,423,406,400.0
3061,423,308,125.0
3062,423,199,60.0
3063,423,272,150.0
3064,423,314,68.0
3065,423,390,0.0
3066,423,486,0.0
3067,423,401,0.0
3068,423,214,36.0
3069,423,212,28.0
3070,423,335,0.0
3071,424,86,100.0
3072,424,505,200.0
3073,424,158,50.0
3074,425,317,140.0
3075,425,361,100.0
3076,425,434,100.0
3077,425,268,50.0
3078,425,340,15.0
3079,425,390,0.0
3080,425,399,0.0
3081,425,212,14.0
3082,426,342,260.0
3083,426,252,90.0
3084,426,132,360.0
3085,426,157,60.0
3086,426,133,100.0
3087,426,388,120.0
3088,426,390,0.0
3089,426,291,0.0
3090,427,195,300.0
3091,427,182,8.0
3092,427,385,100.0
3093,427,62,200.0
3094,427,135,25.0
3095,427,57,18.0
3096,427,488,10.0
3097,427,337,25.0
3098,427,314,100.0
3099,427,390,0.0
3100,427,486,0.0
3101,427,27,0.0
3102,428,461,400.0
3103,428,14,420.0
3104,428,252,90.0
3105,428,363,100.0
3106,428,315,80.0
3107,428,271,250.0
3108,428,390,0.0
3109,429,195,500.0
3110,429,199,60.0
3111,429,315,50.0
3112,429,427,40.0
3113,429,285,6.0
3114,429,314,34.0
3115,429,390,0.0
3116,429,486,0.0
3117,429,322,0.0
3118,430,196,400.0
3119,430,510,120.0
3120,430,308,100.0
3121,430,390,0.0
3122,430,314,35.0
3123,430,315,160.0
3124,430,252,180.0
3125,430,140,10.0
3126,430,221,50.0
3127,431,308,230.0
3128,431,337,100.0
3129,431,44,8.0
3130,431,229,120.0
3131,431,88,34.0
3132,431,478,2.0
3133,431,480,0.0
3134,432,36,200.0
3135,432,132,160.0
3136,432,220,30.0
3137,432,488,5.0
3138,432,372,25.0
3139,432,367,100.0
3140,432,62,600.0
3141,432,486,1.25
3142,432,390,2.0
3143,432,241,150.0
3144,432,372,10.0
3145,432,488,5.0
3146,433,342,260.0
3147,433,46,130.0
3148,433,132,360.0
3149,433,388,120.0
3150,433,315,80.0
3151,433,290,0.0
3152,433,390,0.0
3153,433,133,150.0
3154,433,174,60.0
3155,433,157,60.0
3156,434,308,130.0
3157,434,435,200.0
3158,434,337,100.0
3159,434,199,60.0
3160,434,383,1.5
3161,434,44,4.0
3162,434,390,1.0
3163,434,291,250.0
3164,434,338,25.0
3165,434,379,0.0
3166,435,65,400.0
3167,435,62,150.0
3168,435,252,90.0
3169,435,315,80.0
3170,435,308,25.0
3171,435,314,34.0
3172,435,390,0.0
3173,435,486,0.0
3174,435,335,0.0
3175,435,31,0.0
3176,436,132,500.0
3177,436,243,100.0
3178,436,372,25.0
3179,436,390,0.0
3180,437,146,20.0
3181,437,477,20.0
3182,437,236,20.0
3183,437,22,300.0
3184,437,379,60.0
3185,437,298,20.0
3186,438,342,260.0
3187,438,252,90.0
3188,438,132,360.0
3189,438,290,85.0
3190,438,133,120.0
3191,438,388,120.0
3192,438,390,0.0
3193,439,322,70.0
3194,439,171,25.0
3195,439,315,80.0
3196,439,510,240.0
3197,439,154,100.0
3198,439,221,150.0
3199,440,287,400.0
3200,440,315,40.0
3201,440,381,100.0
3202,440,63,0.0
3203,440,390,0.0
3204,440,285,0.0
3205,440,271,34.0
3206,441,308,500.0
3207,441,414,7.0
3208,441,337,280.0
3209,441,390,5.0
3210,441,243,200.0
3211,441,372,80.0
3212,441,199,60.0
3213,441,314,17.0
3214,441,190,40.0
3215,441,500,0.0
3216,442,487,7.0
3217,442,214,15.0
3218,442,64,4.0
3219,442,247,3.0
3220,442,249,1.0
3221,442,101,125.0
3222,442,367,100.0
3223,442,63,800.0
3224,443,315,40.0
3225,443,294,80.0
3226,443,252,90.0
3227,443,314,10.0
3228,443,347,35.0
3229,443,155,10.0
3230,443,178,150.0
3231,443,490,2.0
3232,443,221,16.0
3233,444,510,60.0
3234,444,142,400.0
3235,444,383,1.0
3236,444,17,150.0
3237,444,308,150.0
3238,444,337,30.0
3239,444,314,34.0
3240,445,487,6.0
3241,445,63,300.0
3242,445,42,1.0
3243,445,337,10.0
3244,445,482,30.0
3245,445,367,30.0
3246,446,336,200.0
3247,446,340,16.0
3248,446,488,35.0
3249,447,199,60.0
3250,447,291,10.0
3251,447,488,15.0
3252,447,315,40.0
3253,447,178,150.0
3254,447,294,40.0
3255,447,273,1.0
3256,447,155,50.0
3257,448,510,60.0
3258,448,31,400.0
3259,448,372,40.0
3260,448,458,2.0
3261,448,47,120.0
3262,449,195,500.0
3263,449,271,51.0
3264,449,390,0.0
3265,449,302,4.0
3266,449,425,2.0
3267,449,129,1.0
3268,449,214,5.0
3269,450,461,600.0
3270,450,390,0.0
3271,450,308,75.0
3272,450,236,0.0
3273,450,28,80.0
3274,450,322,125.0
3275,450,446,10.0
3276,451,199,180.0
3277,451,390,0.0
3278,451,486,1.0
3279,451,379,20.0
3280,451,308,25.0
3281,451,11,100.0
3282,451,314,17.0
3283,451,427,50.0
3284,451,431,35.0
3285,451,221,8.0
3286,451,446,20.0
3287,451,418,1.0
3288,452,510,120.0
3289,452,101,250.0
3290,452,308,125.0
3291,452,243,150.0
3292,452,337,50.0
3293,452,311,5.0
3294,453,352,400.0
3295,453,132,100.0
3296,453,488,15.0
3297,453,510,60.0
3298,453,314,50.0
3299,453,339,0.0
3300,454,6,120.0
3301,454,510,60.0
3302,454,7,36.0
3303,454,308,125.0
3304,454,243,80.0
3305,454,311,5.0
3306,454,337,25.0
3307,454,390,0.0
3308,454,314,17.0
3309,455,198,300.0
3310,455,34,75.0
3311,455,315,40.0
3312,455,494,150.0
3313,455,221,25.0
3314,455,273,3.0
3315,455,5,5.0
3316,456,267,35.0
3317,456,510,60.0
3318,456,62,25.0
3319,456,183,60.0
3320,456,296,40.0
3321,456,289,36.0
3322,457,310,80.0
3323,457,433,30.0
3324,457,390,1.0
3325,457,458,10.0
3326,457,510,60.0
3327,458,376,500.0
3328,458,132,360.0
3329,458,258,500.0
3330,458,315,80.0
3331,458,372,50.0
3332,458,390,10.0
3333,458,29,10.0
3334,459,510,120.0
3335,459,337,100.0
3336,459,308,200.0
3337,459,314,34.0
3338,459,124,20.0
3339,459,311,5.0
3340,459,190,60.0
3341,459,441,0.0
3342,459,243,850.0
3343,460,187,80.0
3344,460,315,80.0
3345,460,336,70.0
3346,460,314,17.0
3347,460,390,0.0
3348,460,486,0.0
3349,461,455,100.0
3350,461,285,20.0
3351,461,446,20.0
3352,461,474,20.0
3353,461,457,10.0
3354,462,198,800.0
3355,462,315,80.0
3356,462,510,60.0
3357,462,379,125.0
3358,462,357,10.0
3359,462,427,100.0
3360,462,314,85.0
3361,462,390,0.0
3362,462,486,0.0
3363,463,268,100.0
3364,463,199,180.0
3365,463,157,80.0
3366,463,221,0.0
3367,463,390,0.0
3368,463,458,0.0
3369,463,35,300.0
3370,464,353,200.0
3371,464,510,180.0
3372,464,308,65.0
3373,464,390,1.0
3374,464,311,2.5
3375,464,51,150.0
3376,464,337,0.0
3377,465,461,450.0
3378,465,223,400.0
3379,465,315,80.0
3380,465,446,100.0
3381,465,4,50.0
3382,465,314,85.0
3383,465,427,100.0
3384,465,285,20.0
3385,465,390,0.0
3386,465,63,400.0
3387,466,281,60.0
3388,466,372,20.0
3389,466,79,135.0
3390,466,337,0.0
3391,466,390,1.0
3392,467,17,300.0
3393,467,364,25.0
3394,467,337,10.0
3395,467,44,1.0
3396,468,194,120.0
3397,468,446,30.0
3398,468,291,34.0
3399,468,399,0.0
3400,468,390,0.0
3401,469,245,600.0
3402,469,124,54.0
3403,469,337,70.0
3404,470,322,250.0
3405,470,62,500.0
3406,470,28,80.0
3407,470,252,180.0
3408,470,390,5.0
3409,470,248,1.0
3410,470,486,1.0
3411,471,510,240.0
3412,471,245,70.0
3413,471,25,300.0
3414,471,372,30.0
3415,471,390,0.0
3416,472,372,100.0
3417,472,338,45.0
3418,472,438,60.0
3419,472,379,80.0
3420,473,194,720.0
3421,473,385,45.0
3422,473,390,1.0
3423,473,273,6.0
3424,473,486,1.0
3425,473,314,10.0
3426,473,294,240.0
3427,473,315,160.0
3428,473,34,150.0
3429,473,269,60.0
3430,474,243,100.0
3431,474,62,100.0
3432,474,372,30.0
3433,474,337,0.0
3434,474,308,90.0
3435,474,314,20.0
3436,474,311,5.0
3437,475,364,50.0
3438,475,51,15.0
3439,475,118,25.0
3440,475,415,150.0
3441,476,109,150.0
3442,476,308,300.0
3443,476,372,120.0
3444,476,199,60.0
3445,476,311,5.0
3446,476,390,1.0
3447,476,337,0.0
3448,477,308,200.0
3449,477,353,150.0
3450,477,199,60.0
3451,477,311,2.5
3452,477,372,60.0
3453,477,390,1.0
3454,477,337,0.0
3455,478,284,200.0
3456,478,17,300.0
3457,478,338,40.0
3458,479,438,30.0
3459,479,379,25.0
3460,479,31,1600.0
3461,479,79,135.0
3462,479,337,0.0
3463,480,364,180.0
3464,480,243,120.0
3465,480,510,120.0
3466,480,414,5.0
3467,480,337,140.0
3468,480,372,120.0
3469,480,390,1.0
3470,480,308,300.0
3471,480,43,1.0
3472,481,92,150.0
3473,481,185,120.0
3474,481,502,500.0
3475,481,190,90.0
3476,481,62,1000.0
3477,481,337,50.0
3478,482,132,480.0
3479,482,380,50.0
3480,482,199,60.0
3481,482,308,75.0
3482,482,291,68.0
3483,482,390,0.0
3484,483,294,400.0
3485,483,180,75.0
3486,483,269,50.0
3487,483,340,12.0
3488,483,390,0.0
3489,483,409,100.0
3490,484,60,200.0
3491,484,337,20.0
3492,484,228,22.0
3493,485,204,125.0
3494,485,308,25.0
3495,485,199,60.0
3496,485,379,25.0
3497,485,390,1.0
3498,485,63,50.0
3499,485,314,17.0
3500,486,283,100.0
3501,486,243,100.0
3502,486,19,5.0
3503,486,481,6.0
3504,486,209,75.0
3505,487,212,7.0
3506,487,243,50.0
3507,487,337,25.0
3508,487,251,4.0
3509,487,165,1.0
3510,488,449,60.0
3511,488,221,25.0
3512,488,285,20.0
3513,488,358,50.0
3514,489,132,240.0
3515,489,204,125.0
3516,489,308,25.0
3517,489,399,1.0
3518,489,390,5.0
3519,489,62,50.0
3520,489,315,40.0
3521,489,314,17.0
3522,490,17,150.0
3523,490,12,24.0
3524,490,289,30.0
3525,491,208,60.0
3526,491,137,50.0
3527,491,285,20.0
3528,491,399,5.0
3529,491,63,150.0
3530,492,14,1050.0
3531,492,488,3.0
3532,492,294,320.0
3533,492,140,50.0
3534,493,59,100.0
3535,493,310,250.0
3536,493,453,25.0
3537,493,372,50.0
3538,493,441,30.0
